{"tracks": {"href": "https://api.spotify.com/v1/search?query=year%3A2018&type=track&offset=1&limit=2", "items": [{"album": {"album_type": "album", "artists": [{"external_urls": {"spotify": "https://open.spotify.com/artist/20sxb77xiYeusSH8cVdatc"}, "href": "https://api.spotify.com/v1/artists/20sxb77xiYeusSH8cVdatc", "id": "20sxb77xiYeusSH8cVdatc", "name": "Meek Mill", "type": "artist", "uri": "spotify:artist:20sxb77xiYeusSH8cVdatc"}], "available_markets": ["AD", "AE", "AR", "AT", "AU", "BE", "BG", "BH", "BO", "BR", "CA", "CH", "CL", "CO", "CR", "CY", "CZ", "DE", "DK", "DO", "DZ", "EC", "EE", "EG", "ES", "FI", "FR", "GB", "GR", "GT", "HK", "HN", "HU", "ID", "IE", "IL", "IS", "IT", "JO", "JP", "KW", "LB", "LI", "LT", "LU", "LV", "MA", "MC", "MT", "MX", "MY", "NI", "NL", "NO", "NZ", "OM", "PA", "PE", "PH", "PL", "PS", "PT", "PY", "QA", "RO", "SA", "SE", "SG", "SK", "SV", "TH", "TN", "TR", "TW", "US", "UY", "VN", "ZA"], "external_urls": {"spotify": "https://open.spotify.com/album/6UYZEYjpN1DYRW0kqFy9ZE"}, "href": "https://api.spotify.com/v1/albums/6UYZEYjpN1DYRW0kqFy9ZE", "id": "6UYZEYjpN1DYRW0kqFy9ZE", "images": [{"height": 640, "url": "https://i.scdn.co/image/77eb7c17cafe5503c5866117e0a3e5fc94620101", "width": 640}, {"height": 300, "url": "https://i.scdn.co/image/77eb7c17cafe5502425b0163fbf6d9d57e571394", "width": 300}, {"height": 64, "url": "https://i.scdn.co/image/77eb7c17cafe55011ca486503ede31e995e12385", "width": 64}], "name": "Championships", "release_date": "2018-11-30", "release_date_precision": "day", "total_tracks": 19, "type": "album", "uri": "spotify:album:6UYZEYjpN1DYRW0kqFy9ZE"}, "artists": [{"external_urls": {"spotify": "https://open.spotify.com/artist/20sxb77xiYeusSH8cVdatc"}, "href": "https://api.spotify.com/v1/artists/20sxb77xiYeusSH8cVdatc", "id": "20sxb77xiYeusSH8cVdatc", "name": "Meek Mill", "type": "artist", "uri": "spotify:artist:20sxb77xiYeusSH8cVdatc"}, {"external_urls": {"spotify": "https://open.spotify.com/artist/3TVXtAsR1Inumwj472S9r4"}, "href": "https://api.spotify.com/v1/artists/3TVXtAsR1Inumwj472S9r4", "id": "3TVXtAsR1Inumwj472S9r4", "name": "Drake", "type": "artist", "uri": "spotify:artist:3TVXtAsR1Inumwj472S9r4"}], "available_markets": ["AD", "AE", "AR", "AT", "AU", "BE", "BG", "BH", "BO", "BR", "CA", "CH", "CL", "CO", "CR", "CY", "CZ", "DE", "DK", "DO", "DZ", "EC", "EE", "EG", "ES", "FI", "FR", "GB", "GR", "GT", "HK", "HN", "HU", "ID", "IE", "IL", "IS", "IT", "JO", "JP", "KW", "LB", "LI", "LT", "LU", "LV", "MA", "MC", "MT", "MX", "MY", "NI", "NL", "NO", "NZ", "OM", "PA", "PE", "PH", "PL", "PS", "PT", "PY", "QA", "RO", "SA", "SE", "SG", "SK", "SV", "TH", "TN", "TR", "TW", "US", "UY", "VN", "ZA"], "disc_number": 1, "duration_ms": 180522, "explicit": "True", "external_ids": {"isrc": "USAT21812710"}, "external_urls": {"spotify": "https://open.spotify.com/track/2IRZnDFmlqMuOrYOLnZZyc"}, "href": "https://api.spotify.com/v1/tracks/2IRZnDFmlqMuOrYOLnZZyc", "id": "2IRZnDFmlqMuOrYOLnZZyc", "is_local": "False", "name": "Going Bad (feat. Drake)", "popularity": 88, "preview_url": "https://p.scdn.co/mp3-preview/29e19c68dd853994221a90103db28427f1185e33?cid=b7e280e5107441f586f666e17be0861a", "track_number": 9, "type": "track", "uri": "spotify:track:2IRZnDFmlqMuOrYOLnZZyc"}, {"album": {"album_type": "album", "artists": [{"external_urls": {"spotify": "https://open.spotify.com/artist/5f7VJjfbwm532GiveGC0ZK"}, "href": "https://api.spotify.com/v1/artists/5f7VJjfbwm532GiveGC0ZK", "id": "5f7VJjfbwm532GiveGC0ZK", "name": "Lil Baby", "type": "artist", "uri": "spotify:artist:5f7VJjfbwm532GiveGC0ZK"}, {"external_urls": {"spotify": "https://open.spotify.com/artist/2hlmm7s2ICUX0LVIhVFlZQ"}, "href": "https://api.spotify.com/v1/artists/2hlmm7s2ICUX0LVIhVFlZQ", "id": "2hlmm7s2ICUX0LVIhVFlZQ", "name": "Gunna", "type": "artist", "uri": "spotify:artist:2hlmm7s2ICUX0LVIhVFlZQ"}], "available_markets": ["AD", "AE", "AR", "AT", "AU", "BE", "BG", "BH", "BO", "BR", "CA", "CH", "CL", "CO", "CR", "CY", "CZ", "DE", "DK", "DO", "DZ", "EC", "EE", "EG", "ES", "FI", "FR", "GB", "GR", "GT", "HK", "HN", "HU", "ID", "IE", "IL", "IN", "IS", "IT", "JO", "JP", "KW", "LB", "LI", "LT", "LU", "LV", "MA", "MC", "MT", "MX", "MY", "NI", "NL", "NO", "NZ", "OM", "PA", "PE", "PH", "PL", "PS", "PT", "PY", "QA", "RO", "SA", "SE", "SG", "SK", "SV", "TH", "TN", "TR", "TW", "US", "UY", "VN", "ZA"], "external_urls": {"spotify": "https://open.spotify.com/album/2yXnY2NiaZk9QiJJittS81"}, "href": "https://api.spotify.com/v1/albums/2yXnY2NiaZk9QiJJittS81", "id": "2yXnY2NiaZk9QiJJittS81", "images": [{"height": 640, "url": "https://i.scdn.co/image/f083753c4b40b099f09ad8b997bff426da6bdc81", "width": 640}, {"height": 300, "url": "https://i.scdn.co/image/8e6d739dd8da743dc9572a239b65b290866f8f6a", "width": 300}, {"height": 64, "url": "https://i.scdn.co/image/d6ad16e502fb15fcc76bc050df10c6fd1cda6968", "width": 64}], "name": "Drip Harder", "release_date": "2018-10-05", "release_date_precision": "day", "total_tracks": 13, "type": "album", "uri": "spotify:album:2yXnY2NiaZk9QiJJittS81"}, "artists": [{"external_urls": {"spotify": "https://open.spotify.com/artist/5f7VJjfbwm532GiveGC0ZK"}, "href": "https://api.spotify.com/v1/artists/5f7VJjfbwm532GiveGC0ZK", "id": "5f7VJjfbwm532GiveGC0ZK", "name": "Lil Baby", "type": "artist", "uri": "spotify:artist:5f7VJjfbwm532GiveGC0ZK"}, {"external_urls": {"spotify": "https://open.spotify.com/artist/2hlmm7s2ICUX0LVIhVFlZQ"}, "href": "https://api.spotify.com/v1/artists/2hlmm7s2ICUX0LVIhVFlZQ", "id": "2hlmm7s2ICUX0LVIhVFlZQ", "name": "Gunna", "type": "artist", "uri": "spotify:artist:2hlmm7s2ICUX0LVIhVFlZQ"}], "available_markets": ["AD", "AE", "AR", "AT", "AU", "BE", "BG", "BH", "BO", "BR", "CA", "CH", "CL", "CO", "CR", "CY", "CZ", "DE", "DK", "DO", "DZ", "EC", "EE", "EG", "ES", "FI", "FR", "GB", "GR", "GT", "HK", "HN", "HU", "ID", "IE", "IL", "IN", "IS", "IT", "JO", "JP", "KW", "LB", "LI", "LT", "LU", "LV", "MA", "MC", "MT", "MX", "MY", "NI", "NL", "NO", "NZ", "OM", "PA", "PE", "PH", "PL", "PS", "PT", "PY", "QA", "RO", "SA", "SE", "SG", "SK", "SV", "TH", "TN", "TR", "TW", "US", "UY", "VN", "ZA"], "disc_number": 1, "duration_ms": 145542, "explicit": "True", "external_ids": {"isrc": "USUG11801811"}, "external_urls": {"spotify": "https://open.spotify.com/track/78QR3Wp35dqAhFEc2qAGjE"}, "href": "https://api.spotify.com/v1/tracks/78QR3Wp35dqAhFEc2qAGjE", "id": "78QR3Wp35dqAhFEc2qAGjE", "is_local": "False", "name": "Drip Too Hard (Lil Baby & Gunna)", "popularity": 86, "preview_url": "None", "track_number": 12, "type": "track", "uri": "spotify:track:78QR3Wp35dqAhFEc2qAGjE"}], "limit": 2, "next": "https://api.spotify.com/v1/search?query=year%3A2018&type=track&offset=3&limit=2", "offset": 1, "previous": "https://api.spotify.com/v1/search?query=year%3A2018&type=track&offset=0&limit=2", "total": 9926488}}
